[{"genome_scaffold":"g1","position":20001,"gene":0},{"genome_scaffold":"g1","position":20002,"gene":0},{"genome_scaffold":"g1","position":27501,"gene":1},{"genome_scaffold":"g1","position":27502,"gene":1},{"genome_scaffold":"g1","position":132501,"gene":2},{"genome_scaffold":"g1","position":132502,"gene":2},{"genome_scaffold":"g1","position":140001,"gene":3},{"genome_scaffold":"g1","position":140002,"gene":3},{"genome_scaffold":"g1","position":170001,"gene":4},{"genome_scaffold":"g1","position":170002,"gene":4},{"genome_scaffold":"g1","position":192501,"gene":5},{"genome_scaffold":"g1","position":192502,"gene":5},{"genome_scaffold":"g1","position":207501,"gene":6},{"genome_scaffold":"g1","position":207502,"gene":6},{"genome_scaffold":"g1","position":342501,"gene":7},{"genome_scaffold":"g1","position":342502,"gene":7},{"genome_scaffold":"g1","position":387501,"gene":8},{"genome_scaffold":"g1","position":387502,"gene":8},{"genome_scaffold":"g1","position":455001,"gene":9},{"genome_scaffold":"g1","position":455002,"gene":9},{"genome_scaffold":"g1","position":537501,"gene":10},{"genome_scaffold":"g1","position":537502,"gene":10},{"genome_scaffold":"g1","position":552501,"gene":11},{"genome_scaffold":"g1","position":552502,"gene":11},{"genome_scaffold":"g1","position":567501,"gene":12},{"genome_scaffold":"g1","position":567502,"gene":12},{"genome_scaffold":"g1","position":620001,"gene":13},{"genome_scaffold":"g1","position":620002,"gene":13},{"genome_scaffold":"g1","position":642501,"gene":14},{"genome_scaffold":"g1","position":642502,"gene":14},{"genome_scaffold":"g1","position":650001,"gene":15},{"genome_scaffold":"g1","position":650002,"gene":15},{"genome_scaffold":"g1","position":747501,"gene":16},{"genome_scaffold":"g1","position":747502,"gene":16},{"genome_scaffold":"g1","position":800001,"gene":17},{"genome_scaffold":"g1","position":800002,"gene":17},{"genome_scaffold":"g1","position":920001,"gene":18},{"genome_scaffold":"g1","position":920002,"gene":18},{"genome_scaffold":"g1","position":1310001,"gene":19},{"genome_scaffold":"g1","position":1310002,"gene":19},{"genome_scaffold":"g1","position":1355001,"gene":20},{"genome_scaffold":"g1","position":1355002,"gene":20},{"genome_scaffold":"g1","position":1362501,"gene":21},{"genome_scaffold":"g1","position":1362502,"gene":21},{"genome_scaffold":"g1","position":1467501,"gene":22},{"genome_scaffold":"g1","position":1467502,"gene":22},{"genome_scaffold":"g1","position":1610001,"gene":23},{"genome_scaffold":"g1","position":1610002,"gene":23},{"genome_scaffold":"g1","position":1617501,"gene":24},{"genome_scaffold":"g1","position":1617502,"gene":24},{"genome_scaffold":"g1","position":1632501,"gene":25},{"genome_scaffold":"g1","position":1632502,"gene":25},{"genome_scaffold":"g1","position":1662501,"gene":26},{"genome_scaffold":"g1","position":1662502,"gene":26},{"genome_scaffold":"g1","position":1677501,"gene":27},{"genome_scaffold":"g1","position":1677502,"gene":27},{"genome_scaffold":"g1","position":1737501,"gene":28},{"genome_scaffold":"g1","position":1737502,"gene":28},{"genome_scaffold":"g1","position":1917501,"gene":29},{"genome_scaffold":"g1","position":1917502,"gene":29},{"genome_scaffold":"g1","position":1970001,"gene":30},{"genome_scaffold":"g1","position":1970002,"gene":30},{"genome_scaffold":"g1","position":2015001,"gene":31},{"genome_scaffold":"g1","position":2015002,"gene":31},{"genome_scaffold":"g1","position":2030001,"gene":32},{"genome_scaffold":"g1","position":2030002,"gene":32},{"genome_scaffold":"g1","position":2037501,"gene":33},{"genome_scaffold":"g1","position":2037502,"gene":33},{"genome_scaffold":"g1","position":2045001,"gene":34},{"genome_scaffold":"g1","position":2045002,"gene":34},{"genome_scaffold":"g1","position":2112501,"gene":35},{"genome_scaffold":"g1","position":2112502,"gene":35},{"genome_scaffold":"g1","position":2150001,"gene":36},{"genome_scaffold":"g1","position":2150002,"gene":36},{"genome_scaffold":"g1","position":2210001,"gene":37},{"genome_scaffold":"g1","position":2210002,"gene":37},{"genome_scaffold":"g1","position":2262501,"gene":38},{"genome_scaffold":"g1","position":2262502,"gene":38},{"genome_scaffold":"g1","position":2300001,"gene":39},{"genome_scaffold":"g1","position":2300002,"gene":39},{"genome_scaffold":"g1","position":2307501,"gene":40},{"genome_scaffold":"g1","position":2307502,"gene":40},{"genome_scaffold":"g1","position":2330001,"gene":41},{"genome_scaffold":"g1","position":2330002,"gene":41},{"genome_scaffold":"g1","position":2352501,"gene":42},{"genome_scaffold":"g1","position":2352502,"gene":42},{"genome_scaffold":"g1","position":2390001,"gene":43},{"genome_scaffold":"g1","position":2390002,"gene":43},{"genome_scaffold":"g1","position":2412501,"gene":44},{"genome_scaffold":"g1","position":2412502,"gene":44},{"genome_scaffold":"g1","position":2457501,"gene":45},{"genome_scaffold":"g1","position":2457502,"gene":45},{"genome_scaffold":"g1","position":2495001,"gene":46},{"genome_scaffold":"g1","position":2495002,"gene":46},{"genome_scaffold":"g1","position":2720001,"gene":47},{"genome_scaffold":"g1","position":2720002,"gene":47},{"genome_scaffold":"g1","position":2892501,"gene":48},{"genome_scaffold":"g1","position":2892502,"gene":48},{"genome_scaffold":"g1","position":2990001,"gene":49},{"genome_scaffold":"g1","position":2990002,"gene":49},{"genome_scaffold":"g1","position":3005001,"gene":50},{"genome_scaffold":"g1","position":3005002,"gene":50},{"genome_scaffold":"g1","position":3020001,"gene":51},{"genome_scaffold":"g1","position":3020002,"gene":51},{"genome_scaffold":"g1","position":3087501,"gene":52},{"genome_scaffold":"g1","position":3087502,"gene":52},{"genome_scaffold":"g1","position":3117501,"gene":53},{"genome_scaffold":"g1","position":3117502,"gene":53},{"genome_scaffold":"g1","position":3132501,"gene":54},{"genome_scaffold":"g1","position":3132502,"gene":54},{"genome_scaffold":"g1","position":3207501,"gene":55},{"genome_scaffold":"g1","position":3207502,"gene":55},{"genome_scaffold":"g1","position":3470001,"gene":56},{"genome_scaffold":"g1","position":3470002,"gene":56},{"genome_scaffold":"g1","position":3507501,"gene":57},{"genome_scaffold":"g1","position":3507502,"gene":57},{"genome_scaffold":"g1","position":3620001,"gene":58},{"genome_scaffold":"g1","position":3620002,"gene":58},{"genome_scaffold":"g1","position":3710001,"gene":59},{"genome_scaffold":"g1","position":3710002,"gene":59},{"genome_scaffold":"g1","position":3747501,"gene":60},{"genome_scaffold":"g1","position":3747502,"gene":60},{"genome_scaffold":"g1","position":3830001,"gene":61},{"genome_scaffold":"g1","position":3830002,"gene":61},{"genome_scaffold":"g1","position":3882501,"gene":62},{"genome_scaffold":"g1","position":3882502,"gene":62},{"genome_scaffold":"g1","position":3897501,"gene":63},{"genome_scaffold":"g1","position":3897502,"gene":63},{"genome_scaffold":"g1","position":3987501,"gene":64},{"genome_scaffold":"g1","position":3987502,"gene":64},{"genome_scaffold":"g1","position":4070001,"gene":65},{"genome_scaffold":"g1","position":4070002,"gene":65},{"genome_scaffold":"g1","position":4092501,"gene":66},{"genome_scaffold":"g1","position":4092502,"gene":66},{"genome_scaffold":"g1","position":4122501,"gene":67},{"genome_scaffold":"g1","position":4122502,"gene":67},{"genome_scaffold":"g1","position":4160001,"gene":68},{"genome_scaffold":"g1","position":4160002,"gene":68},{"genome_scaffold":"g1","position":4310001,"gene":69},{"genome_scaffold":"g1","position":4310002,"gene":69},{"genome_scaffold":"g1","position":4400001,"gene":70},{"genome_scaffold":"g1","position":4400002,"gene":70},{"genome_scaffold":"g1","position":4482501,"gene":71},{"genome_scaffold":"g1","position":4482502,"gene":71},{"genome_scaffold":"g1","position":4580001,"gene":72},{"genome_scaffold":"g1","position":4580002,"gene":72},{"genome_scaffold":"g1","position":4617501,"gene":73},{"genome_scaffold":"g1","position":4617502,"gene":73},{"genome_scaffold":"g1","position":4662501,"gene":74},{"genome_scaffold":"g1","position":4662502,"gene":74},{"genome_scaffold":"g1","position":4722501,"gene":75},{"genome_scaffold":"g1","position":4722502,"gene":75},{"genome_scaffold":"g1","position":4812501,"gene":76},{"genome_scaffold":"g1","position":4812502,"gene":76},{"genome_scaffold":"g1","position":4895001,"gene":77},{"genome_scaffold":"g1","position":4895002,"gene":77},{"genome_scaffold":"g1","position":4962501,"gene":78},{"genome_scaffold":"g1","position":4962502,"gene":78},{"genome_scaffold":"g1","position":4977501,"gene":79},{"genome_scaffold":"g1","position":4977502,"gene":79}]
